epoch,acc,loss,val_acc,val_loss
0,0.22376123070716858,2.0079941749572754,0.24238546192646027,1.8082066774368286
1,0.2632993161678314,1.783354640007019,0.26260557770729065,1.7432633638381958
